Model Name,Regularization,Balancer,Train Accuracy,Train Loss,Valid Accuracy,Valid Loss,Test Accuracy,Test Loss
Xception,None,None,1.0,0.00017276755534112453,0.9268292784690857,0.8192476630210876,0.9215686321258545,0.8475205898284912
